{
    "core": {
        "magic": "APF_VER_1",
        "metadata": {
            "platform_ids": ["ng"],
            "shortname": "NeoGeo_Analogizer",
            "description": "[ANALOGIZER] Neogeo cart based core",
            "author": "Mazamars312",
            "url": "https://github.com/RndMnkIII/Analogizer_Mazamars312_Neogeo_0.8.1",
            "version": "0.8.1",
            "date_release": "2024-03-24"
        },
        "framework": {
            "target_product": "Analogue Pocket",
            "version_required": "1.1",
            "sleep_supported": false,
            "dock": {
                "supported": true,
                "analog_output": false
            },
            "hardware": {
                "link_port": false,
                "cartridge_adapter": 0
            }
        },
        "cores": [
            {
                "name": "default",
                "id": 0,
                "filename": "Core.rbf_r"
            }
        ]
    }
}