{
    "video": {
        "magic": "APF_VER_1",
        "scaler_modes": [
            {
                "width": 304,
                "height": 224,
                "aspect_w": 19,
                "aspect_h": 15,
                "rotation": 0,
                "mirror": 0
            },
			{
                "width": 304,
                "height": 224,
                "aspect_w": 160,
                "aspect_h": 144,
                "rotation": 0,
                "mirror": 0
            },
			{
                "width": 304,
                "height": 224,
                "aspect_w": 4,
                "aspect_h": 3,
                "rotation": 0,
                "mirror": 0
            },
			{
                "width": 304,
                "height": 224,
                "aspect_w": 16,
                "aspect_h": 9,
                "rotation": 0,
                "mirror": 0
            },
			{
                "width": 320,
                "height": 224,
                "aspect_w": 19,
                "aspect_h": 15,
                "rotation": 0,
                "mirror": 0
            },
			{
                "width": 320,
                "height": 224,
                "aspect_w": 160,
                "aspect_h": 144,
                "rotation": 0,
                "mirror": 0
            },
			{
                "width": 320,
                "height": 224,
                "aspect_w": 4,
                "aspect_h": 3,
                "rotation": 0,
                "mirror": 0
            },
			{
                "width": 320,
                "height": 224,
                "aspect_w": 16,
                "aspect_h": 9,
                "rotation": 0,
                "mirror": 0
            }
        ]
    }
}