{
    "instance": {
        "magic": "APF_VER_1",
			"variant_select" : {
				"id" : 777,
				"select" : false
			},
			"data_path": "mslug5h",
		    "data_slots": [
					{
		        "id": 3,
						"filename": "srom"
		      },
					{
		        "id": 4,
						"filename": "prom"
		      },
					{
		        "id": 5,
						"filename": "crom0"
		      },
					{
		        "id": 6,
						"filename": "m1rom"
		      },
					{
		        "id": 7,
						"filename": "vroma0"
		      }
		    ],
			"memory_writes": [
				{
						"address": "0xf0000024",
						"data": "0x00000001"
				},
				{
						"address": "0xf000002C",
						"data": "0x00000000"
				},
				{
						"address": "0xf0000030",
						"data": "0x00000000"
				}
				
			]
    }
}